time,ECG_Lead_II
0.000,-0.0013
0.003,0.0070
0.007,-0.0080
0.010,0.0030
0.013,-0.0009
0.017,-0.0029
0.020,-0.0026
0.023,-0.0042
0.027,-0.0058
0.030,0.0116
0.033,-0.0006
0.037,-0.0059
0.040,0.0010
0.043,0.0138
0.047,0.0060
0.050,0.0034
0.053,0.0137
0.057,0.0006
0.060,0.0121
0.063,0.0153
0.067,-0.0003
0.070,0.0151
0.073,0.0156
0.077,0.0099
0.080,-0.0006
0.083,0.0145
0.087,0.0135
0.090,-0.0003
0.093,0.0089
0.097,0.0046
0.100,0.0161
0.103,0.0057
0.107,0.0061
0.110,0.0193
0.113,0.0039
0.117,0.0070
0.120,0.0030
0.123,0.0065
0.127,0.0146
0.130,0.0053
0.133,0.0047
0.137,0.0138
0.140,0.0179
0.143,0.0063
0.147,0.0203
0.150,0.0210
0.153,0.0201
0.157,0.0143
0.160,0.0159
0.163,0.0095
0.167,0.0192
0.170,0.0109
0.173,0.0076
0.177,0.0084
0.180,0.0108
0.183,0.0131
0.187,0.0271
0.190,0.0229
0.193,0.0186
0.197,0.0215
0.200,0.0266
0.203,0.0103
0.207,0.0217
0.210,0.0143
0.213,0.0200
0.217,0.0219
0.220,0.0212
0.223,0.0120
0.227,0.0243
0.230,0.0230
0.233,0.0266
0.237,0.0268
0.240,0.0218
0.243,0.0208
0.247,0.0155
0.250,0.0132
0.253,0.0139
0.257,0.0276
0.260,0.0137
0.263,0.0254
0.267,0.0186
0.270,0.0265
0.273,0.0223
0.277,0.0168
0.280,0.0308
0.283,0.0352
0.287,0.0301
0.290,0.0307
0.293,0.0244
0.297,0.0273
0.300,0.0171
0.303,0.0206
0.307,0.0219
0.310,0.0343
0.313,0.0181
0.317,0.0235
0.320,0.0303
0.323,0.0316
0.327,0.0321
0.330,0.0299
0.333,0.0377
0.337,0.0326
0.340,0.0357
0.343,0.0244
0.347,0.0309
0.350,0.0344
0.353,0.0244
0.357,0.0219
0.360,0.0295
0.363,0.0413
0.367,0.0306
0.370,0.0335
0.373,0.0258
0.377,0.0307
0.380,0.0255
0.383,0.0339
0.387,0.0319
0.390,0.0391
0.393,0.0395
0.397,0.0375
0.400,1.0879
0.403,0.8580
0.407,0.5709
0.410,0.2950
0.413,0.0376
0.417,-0.1162
0.420,-0.1987
0.423,-0.1781
0.427,-0.1165
0.430,-0.0423
0.433,0.0071
0.437,0.0175
0.440,0.0400
0.443,0.0350
0.447,0.0410
0.450,0.0333
0.453,0.0467
0.457,0.0313
0.460,0.0477
0.463,0.0435
0.467,0.0409
0.470,0.0350
0.473,0.0368
0.477,0.0385
0.480,0.0393
0.483,0.0330
0.487,0.0318
0.490,0.0428
0.493,0.0487
0.497,0.0345
0.500,0.0411
0.503,0.0339
0.507,0.0396
0.510,0.0394
0.513,0.0461
0.517,0.0509
0.520,0.0415
0.523,0.0399
0.527,0.0420
0.530,0.0375
0.533,0.0369
0.537,0.0476
0.540,0.0395
0.543,0.0569
0.547,0.0439
0.550,0.0491
0.553,0.0600
0.557,0.0563
0.560,0.0522
0.563,0.0702
0.567,0.0649
0.570,0.0824
0.573,0.0876
0.577,0.0992
0.580,0.0983
0.583,0.1130
0.587,0.1193
0.590,0.1293
0.593,0.1494
0.597,0.1663
0.600,0.1846
0.603,0.2067
0.607,0.2111
0.610,0.2448
0.613,0.2470
0.617,0.2690
0.620,0.2861
0.623,0.3055
0.627,0.3090
0.630,0.3159
0.633,0.3372
0.637,0.3311
0.640,0.3500
0.643,0.3502
0.647,0.3521
0.650,0.3446
0.653,0.3453
0.657,0.3310
0.660,0.3264
0.663,0.3093
0.667,0.2880
0.670,0.2832
0.673,0.2631
0.677,0.2484
0.680,0.2225
0.683,0.2034
0.687,0.1885
0.690,0.1694
0.693,0.1694
0.697,0.1382
0.700,0.1316
0.703,0.1295
0.707,0.1115
0.710,0.1077
0.713,0.0887
0.717,0.0877
0.720,0.0828
0.723,0.0766
0.727,0.0744
0.730,0.0717
0.733,0.0607
0.737,0.0521
0.740,0.0580
0.743,0.0581
0.747,0.0496
0.750,0.0462
0.753,0.0463
0.757,0.0506
0.760,0.0429
0.763,0.0582
0.767,0.0430
0.770,0.0536
0.773,0.0554
0.777,0.0458
0.780,0.0488
0.783,0.0454
0.787,0.0453
0.790,0.0478
0.793,0.0498
0.797,0.0538
0.800,0.0421
0.803,0.0515
0.807,0.0568
0.810,0.0525
0.813,0.0556
0.817,0.0451
0.820,0.0486
0.823,0.0553
0.827,0.0475
0.830,0.0489
0.833,0.0484
0.837,0.0489
0.840,0.0564
0.843,0.0497
0.847,0.0520
0.850,0.0491
0.853,0.0559
0.857,0.0558
0.860,0.0432
0.863,0.0580
0.867,0.0511
0.870,0.0460
0.873,0.0568
0.877,0.0461
0.880,0.0495
0.883,0.0400
0.887,0.0558
0.890,0.0441
0.893,0.0571
0.897,0.0452
0.900,0.0487
0.903,0.0506
0.907,0.0548
0.910,0.0431
0.913,0.0508
0.917,0.0495
0.920,0.0540
0.923,0.0485
0.927,0.0436
0.930,0.0567
0.933,0.0425
0.937,0.0561
0.940,0.0410
0.943,0.0487
0.947,0.0438
0.950,0.0484
0.953,0.0453
0.957,0.0485
0.960,0.0502
0.963,0.0580
0.967,0.0386
0.970,0.0466
0.973,0.0387
0.977,0.0544
0.980,0.0473
0.983,0.0477
0.987,0.0501
0.990,0.0419
0.993,0.0503
0.997,0.0520
1.000,0.0455
1.003,0.0453
1.007,0.0443
1.010,0.0406
1.013,0.0561
1.017,0.0372
1.020,0.0477
1.023,0.0521
1.027,0.0462
1.030,0.0459
1.033,0.0442
1.037,0.0519
1.040,0.0417
1.043,0.0395
1.047,0.0379
1.050,0.0493
1.053,0.0477
1.057,0.0530
1.060,0.0372
1.063,0.0522
1.067,0.0358
1.070,0.0354
1.073,0.0516
1.077,0.0509
1.080,0.0393
1.083,0.0346
1.087,0.0375
1.090,0.0483
1.093,0.0425
1.097,0.0523
1.100,0.0360
1.103,0.0395
1.107,0.0397
1.110,0.0353
1.113,0.0463
1.117,0.0467
1.120,0.0340
1.123,0.0479
1.127,0.0338
1.130,0.0420
1.133,0.0442
1.137,0.0384
1.140,0.0428
1.143,0.0450
1.147,0.0475
1.150,0.0447
1.153,0.0318
1.157,0.0335
1.160,0.0353
1.163,0.0432
1.167,0.0359
1.170,0.0467
1.173,0.0390
1.177,0.0324
1.180,0.0320
1.183,0.0309
1.187,0.0343
1.190,0.0346
1.193,0.0361
1.197,0.0315
1.200,0.0452
1.203,0.0384
1.207,0.0347
1.210,0.0407
1.213,0.0326
1.217,0.0310
1.220,0.0435
1.223,0.0278
1.227,0.0311
1.230,1.2750
1.233,1.2214
1.237,1.0315
1.240,0.7816
1.243,0.5043
1.247,0.2316
1.250,0.0033
1.253,-0.1523
1.257,-0.2017
1.260,-0.1693
1.263,-0.1048
1.267,-0.0397
1.270,0.0086
1.273,0.0269
1.277,0.0381
1.280,0.0277
1.283,0.0412
1.287,0.0268
1.290,0.0288
1.293,0.0384
1.297,0.0304
1.300,0.0328
1.303,0.0249
1.307,0.0243
1.310,0.0316
1.313,0.0239
1.317,0.0272
1.320,0.0353
1.323,0.0226
1.327,0.0259
1.330,0.0221
1.333,0.0263
1.337,0.0320
1.340,0.0225
1.343,0.0322
1.347,0.0347
1.350,0.0320
1.353,0.0269
1.357,0.0230
1.360,0.0236
1.363,0.0361
1.367,0.0369
1.370,0.0382
1.373,0.0322
1.377,0.0260
1.380,0.0292
1.383,0.0240
1.387,0.0319
1.390,0.0364
1.393,0.0493
1.397,0.0431
1.400,0.0576
1.403,0.0542
1.407,0.0539
1.410,0.0585
1.413,0.0833
1.417,0.0842
1.420,0.0874
1.423,0.1160
1.427,0.1236
1.430,0.1318
1.433,0.1422
1.437,0.1681
1.440,0.1747
1.443,0.1958
1.447,0.2047
1.450,0.2253
1.453,0.2422
1.457,0.2593
1.460,0.2666
1.463,0.2967
1.467,0.2995
1.470,0.3156
1.473,0.3189
1.477,0.3078
1.480,0.3219
1.483,0.3082
1.487,0.3046
1.490,0.2971
1.493,0.2920
1.497,0.2834
1.500,0.2693
1.503,0.2647
1.507,0.2399
1.510,0.2252
1.513,0.1976
1.517,0.1946
1.520,0.1794
1.523,0.1497
1.527,0.1470
1.530,0.1265
1.533,0.1112
1.537,0.0851
1.540,0.0842
1.543,0.0675
1.547,0.0636
1.550,0.0480
1.553,0.0534
1.557,0.0460
1.560,0.0380
1.563,0.0312
1.567,0.0328
1.570,0.0206
1.573,0.0101
1.577,0.0246
1.580,0.0127
1.583,0.0079
1.587,0.0178
1.590,0.0177
1.593,0.0026
1.597,0.0063
1.600,0.0090
1.603,0.0018
1.607,0.0017
1.610,0.0136
1.613,0.0127
1.617,0.0016
1.620,-0.0043
1.623,-0.0035
1.627,0.0037
1.630,0.0094
1.633,-0.0001
1.637,-0.0023
1.640,0.0054
1.643,-0.0045
1.647,-0.0048
1.650,0.0096
1.653,0.0072
1.657,-0.0039
1.660,-0.0086
1.663,0.0084
1.667,0.0028
1.670,-0.0027
1.673,0.0014
1.677,-0.0006
1.680,0.0048
1.683,-0.0019
1.687,0.0071
1.690,0.0044
1.693,0.0040
1.697,0.0052
1.700,0.0006
1.703,0.0049
1.707,-0.0035
1.710,-0.0038
1.713,-0.0027
1.717,-0.0084
1.720,-0.0049
1.723,-0.0009
1.727,0.0028
1.730,-0.0047
1.733,-0.0012
1.737,-0.0121
1.740,-0.0041
1.743,-0.0033
1.747,-0.0101
1.750,-0.0079
1.753,0.0003
1.757,-0.0022
1.760,-0.0038
1.763,-0.0124
1.767,-0.0118
1.770,-0.0137
1.773,-0.0140
1.777,-0.0137
1.780,-0.0044
1.783,-0.0029
1.787,-0.0137
1.790,-0.0158
1.793,-0.0072
1.797,-0.0164
1.800,-0.0152
1.803,-0.0164
1.807,-0.0126
1.810,-0.0139
1.813,-0.0207
1.817,-0.0208
1.820,-0.0082
1.823,-0.0179
1.827,-0.0241
1.830,-0.0151
1.833,-0.0138
1.837,-0.0189
1.840,-0.0213
1.843,-0.0227
1.847,-0.0222
1.850,-0.0164
1.853,-0.0094
1.857,-0.0251
1.860,-0.0168
1.863,-0.0125
1.867,-0.0148
1.870,-0.0282
1.873,-0.0222
1.877,-0.0203
1.880,-0.0163
1.883,-0.0155
1.887,-0.0129
1.890,-0.0181
1.893,-0.0295
1.897,-0.0182
1.900,-0.0198
1.903,-0.0200
1.907,-0.0310
1.910,-0.0238
1.913,-0.0303
1.917,-0.0256
1.920,-0.0279
1.923,-0.0276
1.927,-0.0323
1.930,-0.0193
1.933,-0.0230
1.937,-0.0175
1.940,-0.0277
1.943,-0.0277
1.947,-0.0194
1.950,-0.0334
1.953,-0.0308
1.957,-0.0275
1.960,-0.0293
1.963,-0.0203
1.967,-0.0194
1.970,-0.0228
1.973,-0.0314
1.977,-0.0279
1.980,-0.0309
1.983,-0.0218
1.987,-0.0331
1.990,-0.0351
1.993,-0.0372
1.997,-0.0313
2.000,-0.0234
2.003,-0.0266
2.007,-0.0332
2.010,-0.0382
2.013,-0.0218
2.017,-0.0334
2.020,-0.0392
2.023,-0.0322
2.027,-0.0347
2.030,-0.0299
2.033,-0.0317
2.037,-0.0385
2.040,-0.0273
2.043,-0.0272
2.047,-0.0371
2.050,-0.0411
2.053,-0.0385
2.057,-0.0275
2.060,-0.0280
2.063,0.8435
2.067,0.5742
2.070,0.2901
2.073,0.0392
2.077,-0.1691
2.080,-0.2614
2.083,-0.2591
2.087,-0.2013
2.090,-0.1390
2.093,-0.0742
2.097,-0.0474
2.100,-0.0492
2.103,-0.0374
2.107,-0.0388
2.110,-0.0361
2.113,-0.0386
2.117,-0.0471
2.120,-0.0430
2.123,-0.0436
2.127,-0.0379
2.130,-0.0317
2.133,-0.0389
2.137,-0.0452
2.140,-0.0416
2.143,-0.0444
2.147,-0.0294
2.150,-0.0394
2.153,-0.0311
2.157,-0.0394
2.160,-0.0443
2.163,-0.0321
2.167,-0.0344
2.170,-0.0362
2.173,-0.0429
2.177,-0.0501
2.180,-0.0483
2.183,-0.0410
2.187,-0.0320
2.190,-0.0353
2.193,-0.0424
2.197,-0.0376
2.200,-0.0462
2.203,-0.0449
2.207,-0.0429
2.210,-0.0303
2.213,-0.0389
2.217,-0.0293
2.220,-0.0207
2.223,-0.0245
2.227,-0.0186
2.230,-0.0164
2.233,-0.0036
2.237,-0.0036
2.240,0.0090
2.243,0.0247
2.247,0.0315
2.250,0.0417
2.253,0.0629
2.257,0.0647
2.260,0.0899
2.263,0.1000
2.267,0.1269
2.270,0.1461
2.273,0.1571
2.277,0.1769
2.280,0.1899
2.283,0.2136
2.287,0.2077
2.290,0.2314
2.293,0.2440
2.297,0.2362
2.300,0.2487
2.303,0.2610
2.307,0.2503
2.310,0.2489
2.313,0.2383
2.317,0.2305
2.320,0.2271
2.323,0.2136
2.327,0.2088
2.330,0.1881
2.333,0.1733
2.337,0.1559
2.340,0.1384
2.343,0.1150
2.347,0.0998
2.350,0.0897
2.353,0.0595
2.357,0.0628
2.360,0.0395
2.363,0.0306
2.367,0.0212
2.370,-0.0039
2.373,-0.0049
2.377,-0.0102
2.380,-0.0238
2.383,-0.0301
2.387,-0.0325
2.390,-0.0299
2.393,-0.0413
2.397,-0.0459
2.400,-0.0416
2.403,-0.0493
2.407,-0.0381
2.410,-0.0475
2.413,-0.0542
2.417,-0.0450
2.420,-0.0559
2.423,-0.0576
2.427,-0.0463
2.430,-0.0562
2.433,-0.0562
2.437,-0.0461
2.440,-0.0489
2.443,-0.0548
2.447,-0.0430
2.450,-0.0547
2.453,-0.0514
2.457,-0.0590
2.460,-0.0492
2.463,-0.0503
2.467,-0.0471
2.470,-0.0472
2.473,-0.0587
2.477,-0.0426
2.480,-0.0548
2.483,-0.0429
2.487,-0.0468
2.490,-0.0450
2.493,-0.0488
2.497,-0.0481
2.500,-0.0553
2.503,-0.0559
2.507,-0.0459
2.510,-0.0464
2.513,-0.0495
2.517,-0.0576
2.520,-0.0457
2.523,-0.0476
2.527,-0.0542
2.530,-0.0545
2.533,-0.0527
2.537,-0.0412
2.540,-0.0592
2.543,-0.0506
2.547,-0.0597
2.550,-0.0588
2.553,-0.0510
2.557,-0.0481
2.560,-0.0447
2.563,-0.0462
2.567,-0.0534
2.570,-0.0505
2.573,-0.0565
2.577,-0.0421
2.580,-0.0579
2.583,-0.0482
2.587,-0.0526
2.590,-0.0434
2.593,-0.0510
2.597,-0.0442
2.600,-0.0582
2.603,-0.0554
2.607,-0.0571
2.610,-0.0481
2.613,-0.0458
2.617,-0.0429
2.620,-0.0527
2.623,-0.0389
2.627,-0.0399
2.630,-0.0576
2.633,-0.0515
2.637,-0.0440
2.640,-0.0531
2.643,-0.0578
2.647,-0.0405
2.650,-0.0491
2.653,-0.0524
2.657,-0.0395
2.660,-0.0553
2.663,-0.0500
2.667,-0.0395
2.670,-0.0481
2.673,-0.0477
2.677,-0.0410
2.680,-0.0499
2.683,-0.0526
2.687,-0.0496
2.690,-0.0490
2.693,-0.0410
2.697,-0.0386
2.700,-0.0472
2.703,-0.0542
2.707,-0.0480
2.710,-0.0521
2.713,-0.0543
2.717,-0.0532
2.720,-0.0525
2.723,-0.0419
2.727,-0.0490
2.730,-0.0408
2.733,-0.0526
2.737,-0.0374
2.740,-0.0426
2.743,-0.0373
2.747,-0.0490
2.750,-0.0516
2.753,-0.0441
2.757,-0.0413
2.760,-0.0479
2.763,-0.0500
2.767,-0.0508
2.770,-0.0344
2.773,-0.0432
2.777,-0.0525
2.780,-0.0352
2.783,-0.0365
2.787,-0.0342
2.790,-0.0458
2.793,-0.0470
2.797,-0.0499
2.800,-0.0402
2.803,-0.0356
2.807,-0.0367
2.810,-0.0470
2.813,-0.0461
2.817,-0.0450
2.820,-0.0466
2.823,-0.0486
2.827,-0.0358
2.830,-0.0367
2.833,-0.0503
2.837,-0.0332
2.840,-0.0444
2.843,-0.0318
2.847,-0.0390
2.850,-0.0369
2.853,-0.0457
2.857,-0.0307
2.860,-0.0316
2.863,-0.0427
2.867,-0.0402
2.870,-0.0320
2.873,-0.0449
2.877,-0.0290
2.880,-0.0404
2.883,-0.0399
2.887,-0.0374
2.890,0.2628
2.893,0.0243
2.897,-0.1657
2.900,-0.2653
2.903,-0.2701
2.907,-0.1991
2.910,-0.1236
2.913,-0.0761
2.917,-0.0605
2.920,-0.0328
2.923,-0.0321
2.927,-0.0395
2.930,-0.0259
2.933,-0.0334
2.937,-0.0319
2.940,-0.0415
2.943,-0.0406
2.947,-0.0397
2.950,-0.0299
2.953,-0.0275
2.957,-0.0339
2.960,-0.0310
2.963,-0.0368
2.967,-0.0331
2.970,-0.0372
2.973,-0.0273
2.977,-0.0220
2.980,-0.0340
2.983,-0.0354
2.987,-0.0327
2.990,-0.0320
2.993,-0.0216
2.997,-0.0377
3.000,-0.0198
3.003,-0.0282
3.007,-0.0313
3.010,-0.0348
3.013,-0.0238
3.017,-0.0297
3.020,-0.0325
3.023,-0.0182
3.027,-0.0195
3.030,-0.0229
3.033,-0.0236
3.037,-0.0173
3.040,-0.0020
3.043,-0.0044
3.047,-0.0007
3.050,0.0167
3.053,0.0240
3.057,0.0276
3.060,0.0246
3.063,0.0363
3.067,0.0507
3.070,0.0592
3.073,0.0746
3.077,0.0927
3.080,0.1221
3.083,0.1353
3.087,0.1370
3.090,0.1730
3.093,0.1867
3.097,0.1993
3.100,0.2247
3.103,0.2215
3.107,0.2376
3.110,0.2575
3.113,0.2574
3.117,0.2676
3.120,0.2689
3.123,0.2836
3.127,0.2805
3.130,0.2761
3.133,0.2714
3.137,0.2674
3.140,0.2524
3.143,0.2414
3.147,0.2309
3.150,0.2231
3.153,0.1932
3.157,0.1902
3.160,0.1735
3.163,0.1458
3.167,0.1237
3.170,0.1232
3.173,0.1065
3.177,0.0950
3.180,0.0815
3.183,0.0621
3.187,0.0588
3.190,0.0373
3.193,0.0258
3.197,0.0292
3.200,0.0132
3.203,0.0223
3.207,-0.0014
3.210,0.0056
3.213,-0.0017
3.217,0.0021
3.220,-0.0104
3.223,-0.0059
3.227,-0.0106
3.230,-0.0142
3.233,-0.0012
3.237,-0.0006
3.240,-0.0010
3.243,-0.0117
3.247,-0.0174
3.250,-0.0071
3.253,0.0021
3.257,-0.0054
3.260,0.0019
3.263,-0.0079
3.267,-0.0054
3.270,-0.0143
3.273,0.0007
3.277,-0.0111
3.280,-0.0139
3.283,-0.0016
3.287,-0.0029
3.290,0.0004
3.293,-0.0041
3.297,0.0025
3.300,-0.0016
3.303,0.0041
3.307,-0.0079
3.310,-0.0075
3.313,-0.0055
3.317,-0.0100
3.320,-0.0039
3.323,0.0079
3.327,0.0050
3.330,-0.0084
3.333,-0.0001
3.337,-0.0069
3.340,0.0088
3.343,-0.0026
3.347,-0.0073
3.350,0.0097
3.353,0.0100
3.357,0.0005
3.360,0.0038
3.363,0.0015
3.367,-0.0021
3.370,-0.0034
3.373,0.0041
3.377,0.0041
3.380,0.0102
3.383,0.0110
3.387,0.0056
3.390,0.0078
3.393,0.0139
3.397,0.0098
3.400,0.0063
3.403,0.0083
3.407,0.0066
3.410,0.0034
3.413,0.0151
3.417,0.0020
3.420,0.0010
3.423,0.0122
3.427,0.0074
3.430,0.0154
3.433,0.0091
3.437,0.0151
3.440,0.0112
3.443,0.0065
3.447,0.0197
3.450,0.0058
3.453,0.0158
3.457,0.0055
3.460,0.0190
3.463,0.0058
3.467,0.0026
3.470,0.0179
3.473,0.0118
3.477,0.0117
3.480,0.0048
3.483,0.0236
3.487,0.0168
3.490,0.0239
3.493,0.0099
3.497,0.0145
3.500,0.0252
3.503,0.0212
3.507,0.0200
3.510,0.0215
3.513,0.0148
3.517,0.0078
3.520,0.0248
3.523,0.0142
3.527,0.0222
3.530,0.0206
3.533,0.0227
3.537,0.0245
3.540,0.0156
3.543,0.0168
3.547,0.0266
3.550,0.0169
3.553,0.0215
3.557,0.0181
3.560,0.0148
3.563,0.0223
3.567,0.0123
3.570,0.0307
3.573,0.0228
3.577,0.0299
3.580,0.0218
3.583,0.0176
3.587,0.0211
3.590,0.0288
3.593,0.0195
3.597,0.0177
3.600,0.0153
3.603,0.0273
3.607,0.0334
3.610,0.0158
3.613,0.0194
3.617,0.0274
3.620,0.0200
3.623,0.0177
3.627,0.0247
3.630,0.0354
3.633,0.0284
3.637,0.0325
3.640,0.0257
3.643,0.0281
3.647,0.0322
3.650,0.0202
3.653,0.0219
3.657,0.0313
3.660,0.0367
3.663,0.0221
3.667,0.0265
3.670,0.0354
3.673,0.0216
3.677,0.0248
3.680,0.0395
3.683,0.0348
3.687,0.0240
3.690,0.0371
3.693,0.0290
3.697,0.0292
3.700,0.0368
3.703,0.0285
3.707,0.0369
3.710,1.2499
3.713,1.1033
3.717,0.8720
3.720,0.6016
3.723,0.3167
3.727,0.0660
3.730,-0.1125
3.733,-0.1975
3.737,-0.1869
3.740,-0.1179
3.743,-0.0546
3.747,0.0059
3.750,0.0159
3.753,0.0280
3.757,0.0257
3.760,0.0274
3.763,0.0356
3.767,0.0442
3.770,0.0402
3.773,0.0306
3.777,0.0453
3.780,0.0324
3.783,0.0399
3.787,0.0350
3.790,0.0413
3.793,0.0346
3.797,0.0457
3.800,0.0312
3.803,0.0333
3.807,0.0370
3.810,0.0405
3.813,0.0316
3.817,0.0479
3.820,0.0324
3.823,0.0376
3.827,0.0489
3.830,0.0328
3.833,0.0398
3.837,0.0348
3.840,0.0517
3.843,0.0511
3.847,0.0359
3.850,0.0503
3.853,0.0443
3.857,0.0430
3.860,0.0506
3.863,0.0463
3.867,0.0480
3.870,0.0493
3.873,0.0573
3.877,0.0647
3.880,0.0682
3.883,0.0815
3.887,0.0752
3.890,0.0928
3.893,0.1105
3.897,0.1196
3.900,0.1291
3.903,0.1457
3.907,0.1466
3.910,0.1630
3.913,0.1783
3.917,0.2054
3.920,0.2248
3.923,0.2275
3.927,0.2436
3.930,0.2670
3.933,0.2893
3.937,0.3038
3.940,0.3124
3.943,0.3149
3.947,0.3373
3.950,0.3475
3.953,0.3403
3.957,0.3488
3.960,0.3551
3.963,0.3472
3.967,0.3358
3.970,0.3190
3.973,0.3099
3.977,0.3041
3.980,0.2989
3.983,0.2800
3.987,0.2579
3.990,0.2369
3.993,0.2242
3.997,0.2111
4.000,0.1836
4.003,0.1678
4.007,0.1597
4.010,0.1383
4.013,0.1369
4.017,0.1259
4.020,0.1011
4.023,0.1092
4.027,0.0925
4.030,0.0947
4.033,0.0811
4.037,0.0677
4.040,0.0781
4.043,0.0624
4.047,0.0520
4.050,0.0541
4.053,0.0638
4.057,0.0514
4.060,0.0460
4.063,0.0467
4.067,0.0574
4.070,0.0567
4.073,0.0512
4.077,0.0432
4.080,0.0394
4.083,0.0469
4.087,0.0430
4.090,0.0575
4.093,0.0427
4.097,0.0583
4.100,0.0415
4.103,0.0580
4.107,0.0401
4.110,0.0566
4.113,0.0566
4.117,0.0415
4.120,0.0484
4.123,0.0405
4.127,0.0475
4.130,0.0445
4.133,0.0466
4.137,0.0422
4.140,0.0455
4.143,0.0465
4.147,0.0548
4.150,0.0430
4.153,0.0593
4.157,0.0402
4.160,0.0539
4.163,0.0402
4.167,0.0581
4.170,0.0580
4.173,0.0577
4.177,0.0457
4.180,0.0469
4.183,0.0502
4.187,0.0470
4.190,0.0591
4.193,0.0418
4.197,0.0509
4.200,0.0460
4.203,0.0489
4.207,0.0554
4.210,0.0547
4.213,0.0451
4.217,0.0578
4.220,0.0525
4.223,0.0568
4.227,0.0501
4.230,0.0417
4.233,0.0549
4.237,0.0516
4.240,0.0557
4.243,0.0416
4.247,0.0491
4.250,0.0407
4.253,0.0565
4.257,0.0588
4.260,0.0563
4.263,0.0396
4.267,0.0488
4.270,0.0532
4.273,0.0430
4.277,0.0577
4.280,0.0493
4.283,0.0576
4.287,0.0514
4.290,0.0448
4.293,0.0569
4.297,0.0478
4.300,0.0539
4.303,0.0528
4.307,0.0441
4.310,0.0398
4.313,0.0485
4.317,0.0522
4.320,0.0525
4.323,0.0537
4.327,0.0378
4.330,0.0489
4.333,0.0459
4.337,0.0497
4.340,0.0457
4.343,0.0469
4.347,0.0546
4.350,0.0553
4.353,0.0404
4.357,0.0552
4.360,0.0377
4.363,0.0436
4.367,0.0435
4.370,0.0401
4.373,0.0495
4.377,0.0426
4.380,0.0393
4.383,0.0522
4.387,0.0365
4.390,0.0388
4.393,0.0357
4.397,0.0483
4.400,0.0390
4.403,0.0394
4.407,0.0411
4.410,0.0529
4.413,0.0462
4.417,0.0494
4.420,0.0435
4.423,0.0481
4.427,0.0458
4.430,0.0516
4.433,0.0383
4.437,0.0495
4.440,0.0459
4.443,0.0461
4.447,0.0450
4.450,0.0337
4.453,0.0366
4.457,0.0482
4.460,0.0388
4.463,0.0395
4.467,0.0354
4.470,0.0481
4.473,0.0388
4.477,0.0370
4.480,0.0335
4.483,0.0326
4.487,0.0505
4.490,0.0463
4.493,0.0354
4.497,0.0420
4.500,0.0474
4.503,0.0481
4.507,0.0422
4.510,0.0348
4.513,0.0369
4.517,0.0331
4.520,0.0363
4.523,0.0474
4.527,0.0324
4.530,0.0343
4.533,0.0314
4.537,0.0444
4.540,0.0385
4.543,1.1748
4.547,1.2801
4.550,1.2394
4.553,1.1052
4.557,0.8676
4.560,0.6004
4.563,0.3143
4.567,0.0587
4.570,-0.1248
4.573,-0.2053
4.577,-0.1932
4.580,-0.1316
4.583,-0.0558
4.587,-0.0111
4.590,0.0117
4.593,0.0261
4.597,0.0237
4.600,0.0364
4.603,0.0300
4.607,0.0311
4.610,0.0306
4.613,0.0431
4.617,0.0391
4.620,0.0414
4.623,0.0341
4.627,0.0295
4.630,0.0235
4.633,0.0223
4.637,0.0355
4.640,0.0306
4.643,0.0235
4.647,0.0374
4.650,0.0350
4.653,0.0225
4.657,0.0331
4.660,0.0208
4.663,0.0222
4.667,0.0352
4.670,0.0228
4.673,0.0218
4.677,0.0372
4.680,0.0267
4.683,0.0344
4.687,0.0232
4.690,0.0247
4.693,0.0403
4.697,0.0393
4.700,0.0289
4.703,0.0431
4.707,0.0363
4.710,0.0470
4.713,0.0429
4.717,0.0436
4.720,0.0452
4.723,0.0651
4.727,0.0584
4.730,0.0811
4.733,0.0729
4.737,0.0942
4.740,0.1094
4.743,0.1240
4.747,0.1248
4.750,0.1417
4.753,0.1591
4.757,0.1821
4.760,0.1999
4.763,0.2122
4.767,0.2215
4.770,0.2372
4.773,0.2502
4.777,0.2716
4.780,0.2825
4.783,0.3069
4.787,0.3129
4.790,0.3098
4.793,0.3138
4.797,0.3169
4.800,0.3189
4.803,0.3111
4.807,0.3098
4.810,0.2915
4.813,0.2897
4.817,0.2712
4.820,0.2609
4.823,0.2440
4.827,0.2342
4.830,0.2092
4.833,0.1965
4.837,0.1865
4.840,0.1578
4.843,0.1509
4.847,0.1307
4.850,0.1064
4.853,0.0982
4.857,0.0918
4.860,0.0676
4.863,0.0562
4.867,0.0500
4.870,0.0515
4.873,0.0370
4.877,0.0424
4.880,0.0228
4.883,0.0208
4.887,0.0175
4.890,0.0184
4.893,0.0101
4.897,0.0224
4.900,0.0119
4.903,0.0126
4.907,0.0031
4.910,0.0116
4.913,0.0036
4.917,0.0016
4.920,-0.0017
4.923,0.0150
4.927,0.0017
4.930,-0.0015
4.933,0.0036
4.937,0.0045
4.940,0.0133
4.943,0.0147
4.947,0.0001
4.950,0.0031
4.953,0.0023
4.957,0.0128
4.960,0.0058
4.963,-0.0058
4.967,0.0088
4.970,-0.0050
4.973,0.0078
4.977,0.0071
4.980,0.0054
4.983,0.0025
4.987,-0.0054
4.990,0.0073
4.993,0.0077
4.997,0.0094
5.000,0.0004
5.003,0.0090
5.007,-0.0088
5.010,-0.0023
5.013,-0.0005
5.017,0.0078
5.020,-0.0101
5.023,0.0033
5.027,0.0026
5.030,-0.0004
5.033,-0.0110
5.037,-0.0076
5.040,-0.0107
5.043,-0.0024
5.047,-0.0060
5.050,0.0035
5.053,-0.0088
5.057,-0.0035
5.060,0.0034
5.063,0.0012
5.067,-0.0158
5.070,0.0025
5.073,-0.0162
5.077,-0.0004
5.080,-0.0096
5.083,-0.0050
5.087,-0.0069
5.090,0.0004
5.093,-0.0046
5.097,-0.0128
5.100,-0.0048
5.103,-0.0099
5.107,-0.0157
5.110,-0.0043
5.113,-0.0010
5.117,-0.0084
5.120,-0.0097
5.123,-0.0206
5.127,-0.0140
5.130,-0.0180
5.133,-0.0193
5.137,-0.0140
5.140,-0.0224
5.143,-0.0070
5.147,-0.0049
5.150,-0.0073
5.153,-0.0203
5.157,-0.0143
5.160,-0.0154
5.163,-0.0168
5.167,-0.0159
5.170,-0.0189
5.173,-0.0122
5.177,-0.0256
5.180,-0.0224
5.183,-0.0154
5.187,-0.0200
5.190,-0.0233
5.193,-0.0127
5.197,-0.0242
5.200,-0.0176
5.203,-0.0102
5.207,-0.0140
5.210,-0.0106
5.213,-0.0287
5.217,-0.0109
5.220,-0.0133
5.223,-0.0114
5.227,-0.0188
5.230,-0.0139
5.233,-0.0239
5.237,-0.0190
5.240,-0.0200
5.243,-0.0176
5.247,-0.0314
5.250,-0.0314
5.253,-0.0256
5.257,-0.0177
5.260,-0.0259
5.263,-0.0314
5.267,-0.0328
5.270,-0.0219
5.273,-0.0324
5.277,-0.0319
5.280,-0.0207
5.283,-0.0157
5.287,-0.0261
5.290,-0.0329
5.293,-0.0273
5.297,-0.0275
5.300,-0.0293
5.303,-0.0214
5.307,-0.0280
5.310,-0.0369
5.313,-0.0292
5.317,-0.0298
5.320,-0.0338
5.323,-0.0292
5.327,-0.0285
5.330,-0.0343
5.333,-0.0332
5.337,-0.0270
5.340,-0.0329
5.343,-0.0249
5.347,-0.0286
5.350,-0.0271
5.353,-0.0350
5.357,-0.0330
5.360,-0.0379
5.363,-0.0340
5.367,-0.0273
5.370,-0.0305
5.373,-0.0297
5.377,-0.0230
5.380,-0.0352
5.383,0.4068
5.387,0.1424
5.390,-0.0907
5.393,-0.2199
5.397,-0.2799
5.400,-0.2339
5.403,-0.1609
5.407,-0.1087
5.410,-0.0660
5.413,-0.0411
5.417,-0.0331
5.420,-0.0340
5.423,-0.0437
5.427,-0.0455
5.430,-0.0285
5.433,-0.0449
5.437,-0.0395
5.440,-0.0450
5.443,-0.0458
5.447,-0.0449
5.450,-0.0442
5.453,-0.0299
5.457,-0.0363
5.460,-0.0450
5.463,-0.0290
5.467,-0.0359
5.470,-0.0296
5.473,-0.0401
5.477,-0.0429
5.480,-0.0493
5.483,-0.0395
5.487,-0.0435
5.490,-0.0491
5.493,-0.0373
5.497,-0.0342
5.500,-0.0324
5.503,-0.0406
5.507,-0.0303
5.510,-0.0428
5.513,-0.0322
5.517,-0.0382
5.520,-0.0346
5.523,-0.0244
5.527,-0.0370
5.530,-0.0303
5.533,-0.0273
5.537,-0.0182
5.540,-0.0206
5.543,-0.0061
5.547,-0.0167
5.550,0.0056
5.553,0.0144
5.557,0.0116
5.560,0.0296
5.563,0.0403
5.567,0.0458
5.570,0.0600
5.573,0.0934
5.577,0.0920
5.580,0.1183
5.583,0.1240
5.587,0.1431
5.590,0.1763
5.593,0.1775
5.597,0.1992
5.600,0.2141
5.603,0.2294
5.607,0.2284
5.610,0.2416
5.613,0.2457
5.617,0.2450
5.620,0.2451
5.623,0.2583
5.627,0.2454
5.630,0.2492
5.633,0.2274
5.637,0.2280
5.640,0.2045
5.643,0.1935
5.647,0.1669
5.650,0.1568
5.653,0.1424
5.657,0.1313
5.660,0.1110
5.663,0.0932
5.667,0.0850
5.670,0.0604
5.673,0.0369
5.677,0.0251
5.680,0.0149
5.683,0.0177
5.687,0.0029
5.690,-0.0024
5.693,-0.0226
5.697,-0.0186
5.700,-0.0221
5.703,-0.0243
5.707,-0.0379
5.710,-0.0419
5.713,-0.0420
5.717,-0.0338
5.720,-0.0350
5.723,-0.0475
5.727,-0.0420
5.730,-0.0558
5.733,-0.0506
5.737,-0.0475
5.740,-0.0536
5.743,-0.0457
5.747,-0.0448
5.750,-0.0540
5.753,-0.0461
5.757,-0.0547
5.760,-0.0523
5.763,-0.0429
5.767,-0.0436
5.770,-0.0501
5.773,-0.0458
5.777,-0.0413
5.780,-0.0576
5.783,-0.0438
5.787,-0.0463
5.790,-0.0447
5.793,-0.0597
5.797,-0.0486
5.800,-0.0583
5.803,-0.0513
5.807,-0.0569
5.810,-0.0517
5.813,-0.0474
5.817,-0.0561
5.820,-0.0403
5.823,-0.0439
5.827,-0.0464
5.830,-0.0557
5.833,-0.0578
5.837,-0.0457
5.840,-0.0547
5.843,-0.0468
5.847,-0.0586
5.850,-0.0532
5.853,-0.0448
5.857,-0.0548
5.860,-0.0405
5.863,-0.0564
5.867,-0.0447
5.870,-0.0435
5.873,-0.0485
5.877,-0.0422
5.880,-0.0450
5.883,-0.0506
5.887,-0.0486
5.890,-0.0433
5.893,-0.0581
5.897,-0.0525
5.900,-0.0462
5.903,-0.0427
5.907,-0.0455
5.910,-0.0396
5.913,-0.0523
5.917,-0.0451
5.920,-0.0557
5.923,-0.0453
5.927,-0.0396
5.930,-0.0524
5.933,-0.0533
5.937,-0.0464
5.940,-0.0574
5.943,-0.0444
5.947,-0.0535
5.950,-0.0563
5.953,-0.0438
5.957,-0.0394
5.960,-0.0541
5.963,-0.0489
5.967,-0.0550
5.970,-0.0544
5.973,-0.0495
5.977,-0.0529
5.980,-0.0535
5.983,-0.0449
5.987,-0.0463
5.990,-0.0513
5.993,-0.0483
5.997,-0.0395
6.000,-0.0522
6.003,-0.0450
6.007,-0.0385
6.010,-0.0537
6.013,-0.0523
6.017,-0.0407
6.020,-0.0406
6.023,-0.0370
6.027,-0.0557
6.030,-0.0419
6.033,-0.0516
6.037,-0.0424
6.040,-0.0533
6.043,-0.0428
6.047,-0.0556
6.050,-0.0517
6.053,-0.0521
6.057,-0.0393
6.060,-0.0431
6.063,-0.0391
6.067,-0.0414
6.070,-0.0470
6.073,-0.0527
6.077,-0.0532
6.080,-0.0509
6.083,-0.0492
6.087,-0.0348
6.090,-0.0397
6.093,-0.0382
6.097,-0.0493
6.100,-0.0433
6.103,-0.0432
6.107,-0.0441
6.110,-0.0515
6.113,-0.0518
6.117,-0.0503
6.120,-0.0426
6.123,-0.0429
6.127,-0.0440
6.130,-0.0342
6.133,-0.0342
6.137,-0.0501
6.140,-0.0417
6.143,-0.0353
6.147,-0.0383
6.150,-0.0336
6.153,-0.0345
6.157,-0.0317
6.160,-0.0334
6.163,-0.0389
6.167,-0.0332
6.170,-0.0419
6.173,-0.0347
6.177,-0.0365
6.180,-0.0435
6.183,-0.0363
6.187,-0.0458
6.190,-0.0466
6.193,-0.0473
6.197,-0.0482
6.200,-0.0349
6.203,1.0958
6.207,0.9090
6.210,0.6348
6.213,0.3697
6.217,0.1014
6.220,-0.1224
6.223,-0.2530
6.227,-0.2672
6.230,-0.2188
6.233,-0.1550
6.237,-0.0862
6.240,-0.0654
6.243,-0.0425
6.247,-0.0406
6.250,-0.0412
6.253,-0.0409
6.257,-0.0325
6.260,-0.0384
6.263,-0.0314
6.267,-0.0340
6.270,-0.0341
6.273,-0.0402
6.277,-0.0393
6.280,-0.0355
6.283,-0.0295
6.287,-0.0331
6.290,-0.0273
6.293,-0.0232
6.297,-0.0321
6.300,-0.0297
6.303,-0.0302
6.307,-0.0362
6.310,-0.0295
6.313,-0.0240
6.317,-0.0217
6.320,-0.0387
6.323,-0.0365
6.327,-0.0206
6.330,-0.0381
6.333,-0.0310
6.337,-0.0285
6.340,-0.0358
6.343,-0.0168
6.347,-0.0148
6.350,-0.0185
6.353,-0.0266
6.357,-0.0092
6.360,-0.0228
6.363,-0.0133
6.367,-0.0149
6.370,-0.0019
6.373,0.0099
6.377,0.0140
6.380,0.0256
6.383,0.0209
6.387,0.0298
6.390,0.0540
6.393,0.0638
6.397,0.0749
6.400,0.0908
6.403,0.1109
6.407,0.1213
6.410,0.1434
6.413,0.1556
6.417,0.1802
6.420,0.1865
6.423,0.2131
6.427,0.2333
6.430,0.2359
6.433,0.2448
6.437,0.2564
6.440,0.2708
6.443,0.2804
6.447,0.2709
6.450,0.2830
6.453,0.2733
6.457,0.2791
6.460,0.2599
6.463,0.2582
6.467,0.2375
6.470,0.2377
6.473,0.2199
6.477,0.1976
6.480,0.1851
6.483,0.1645
6.487,0.1580
6.490,0.1301
6.493,0.1181
6.497,0.1034
6.500,0.0910
6.503,0.0804
6.507,0.0736
6.510,0.0481
6.513,0.0402
6.517,0.0377
6.520,0.0313
6.523,0.0221
6.527,0.0203
6.530,0.0029
6.533,0.0018
6.537,0.0048
6.540,0.0011
6.543,-0.0083
6.547,-0.0006
6.550,0.0035
6.553,0.0025
6.557,-0.0144
6.560,-0.0075
6.563,-0.0059
6.567,-0.0026
6.570,-0.0022
6.573,0.0004
6.577,-0.0002
6.580,-0.0033
6.583,-0.0038
6.587,-0.0061
6.590,-0.0087
6.593,-0.0034
6.597,-0.0090
6.600,0.0024
6.603,-0.0122
6.607,-0.0060
6.610,-0.0049
6.613,0.0017
6.617,-0.0040
6.620,-0.0111
6.623,-0.0097
6.627,-0.0082
6.630,-0.0134
6.633,0.0046
6.637,0.0049
6.640,0.0059
6.643,-0.0030
6.647,-0.0064
6.650,-0.0012
6.653,-0.0041
6.657,0.0033
6.660,-0.0088
6.663,0.0008
6.667,-0.0009
6.670,0.0029
6.673,0.0064
6.677,-0.0060
6.680,0.0085
6.683,0.0083
6.687,0.0066
6.690,-0.0040
6.693,-0.0035
6.697,0.0040
6.700,-0.0060
6.703,-0.0024
6.707,-0.0032
6.710,0.0127
6.713,0.0097
6.717,0.0070
6.720,0.0073
6.723,0.0093
6.727,0.0151
6.730,0.0116
6.733,0.0100
6.737,0.0163
6.740,0.0122
6.743,-0.0002
6.747,0.0124
6.750,0.0054
6.753,0.0139
6.757,0.0136
6.760,0.0121
6.763,0.0132
6.767,0.0123
6.770,0.0159
6.773,0.0013
6.777,0.0037
6.780,0.0008
6.783,0.0112
6.787,0.0168
6.790,0.0030
6.793,0.0079
6.797,0.0199
6.800,0.0028
6.803,0.0093
6.807,0.0143
6.810,0.0222
6.813,0.0049
6.817,0.0109
6.820,0.0216
6.823,0.0204
6.827,0.0055
6.830,0.0119
6.833,0.0154
6.837,0.0073
6.840,0.0193
6.843,0.0166
6.847,0.0128
6.850,0.0197
6.853,0.0241
6.857,0.0125
6.860,0.0184
6.863,0.0187
6.867,0.0235
6.870,0.0114
6.873,0.0129
6.877,0.0222
6.880,0.0211
6.883,0.0237
6.887,0.0137
6.890,0.0129
6.893,0.0245
6.897,0.0126
6.900,0.0215
6.903,0.0232
6.907,0.0237
6.910,0.0281
6.913,0.0226
6.917,0.0261
6.920,0.0256
6.923,0.0209
6.927,0.0323
6.930,0.0144
6.933,0.0267
6.937,0.0220
6.940,0.0210
6.943,0.0178
6.947,0.0316
6.950,0.0297
6.953,0.0230
6.957,0.0290
6.960,0.0235
6.963,0.0239
6.967,0.0211
6.970,0.0331
6.973,0.0315
6.977,0.0265
6.980,0.0215
6.983,0.0328
6.987,0.0319
6.990,0.0262
6.993,0.0198
6.997,0.0275
7.000,0.0198
7.003,0.0262
7.007,0.0370
7.010,0.0281
7.013,0.0265
7.017,0.0250
7.020,0.0263
7.023,0.0354
7.027,0.0316
7.030,0.0304
7.033,0.9007
7.037,0.6395
7.040,0.3578
7.043,0.0968
7.047,-0.1028
7.050,-0.1892
7.053,-0.2021
7.057,-0.1376
7.060,-0.0601
7.063,-0.0200
7.067,0.0273
7.070,0.0335
7.073,0.0306
7.077,0.0308
7.080,0.0312
7.083,0.0270
7.087,0.0424
7.090,0.0336
7.093,0.0363
7.097,0.0263
7.100,0.0453
7.103,0.0355
7.107,0.0325
7.110,0.0364
7.113,0.0341
7.117,0.0301
7.120,0.0306
7.123,0.0476
7.127,0.0419
7.130,0.0449
7.133,0.0411
7.137,0.0485
7.140,0.0477
7.143,0.0302
7.147,0.0460
7.150,0.0327
7.153,0.0327
7.157,0.0332
7.160,0.0334
7.163,0.0506
7.167,0.0424
7.170,0.0375
7.173,0.0515
7.177,0.0390
7.180,0.0504
7.183,0.0468
7.187,0.0535
7.190,0.0605
7.193,0.0569
7.197,0.0746
7.200,0.0658
7.203,0.0858
7.207,0.0940
7.210,0.1016
7.213,0.1001
7.217,0.1307
7.220,0.1306
7.223,0.1412
7.227,0.1671
7.230,0.1855
7.233,0.2050
7.237,0.2179
7.240,0.2376
7.243,0.2512
7.247,0.2672
7.250,0.2734
7.253,0.2851
7.257,0.3005
7.260,0.3194
7.263,0.3257
7.267,0.3383
7.270,0.3435
7.273,0.3414
7.277,0.3454
7.280,0.3468
7.283,0.3438
7.287,0.3381
7.290,0.3136
7.293,0.2994
7.297,0.2844
7.300,0.2775
7.303,0.2665
7.307,0.2478
7.310,0.2227
7.313,0.2171
7.317,0.1876
7.320,0.1712
7.323,0.1627
7.327,0.1512
7.330,0.1360
7.333,0.1240
7.337,0.1152
7.340,0.1108
7.343,0.0928
7.347,0.0780
7.350,0.0742
7.353,0.0739
7.357,0.0708
7.360,0.0735
7.363,0.0665
7.367,0.0616
7.370,0.0468
7.373,0.0588
7.377,0.0512
7.380,0.0423
7.383,0.0418
7.387,0.0584
7.390,0.0460
7.393,0.0481
7.397,0.0457
7.400,0.0533
7.403,0.0476
7.407,0.0571
7.410,0.0505
7.413,0.0539
7.417,0.0458
7.420,0.0442
7.423,0.0585
7.427,0.0485
7.430,0.0555
7.433,0.0435
7.437,0.0451
7.440,0.0408
7.443,0.0417
7.447,0.0465
7.450,0.0455
7.453,0.0495
7.457,0.0561
7.460,0.0532
7.463,0.0439
7.467,0.0428
7.470,0.0591
7.473,0.0422
7.477,0.0597
7.480,0.0427
7.483,0.0517
7.487,0.0457
7.490,0.0577
7.493,0.0466
7.497,0.0465
7.500,0.0524
7.503,0.0456
7.507,0.0420
7.510,0.0435
7.513,0.0496
7.517,0.0462
7.520,0.0560
7.523,0.0522
7.527,0.0532
7.530,0.0521
7.533,0.0424
7.537,0.0533
7.540,0.0498
7.543,0.0457
7.547,0.0513
7.550,0.0544
7.553,0.0533
7.557,0.0535
7.560,0.0500
7.563,0.0421
7.567,0.0523
7.570,0.0515
7.573,0.0543
7.577,0.0443
7.580,0.0512
7.583,0.0417
7.587,0.0436
7.590,0.0489
7.593,0.0472
7.597,0.0462
7.600,0.0570
7.603,0.0571
7.607,0.0535
7.610,0.0516
7.613,0.0390
7.617,0.0475
7.620,0.0567
7.623,0.0491
7.627,0.0483
7.630,0.0444
7.633,0.0396
7.637,0.0491
7.640,0.0466
7.643,0.0476
7.647,0.0404
7.650,0.0476
7.653,0.0486
7.657,0.0460
7.660,0.0443
7.663,0.0411
7.667,0.0414
7.670,0.0448
7.673,0.0404
7.677,0.0419
7.680,0.0373
7.683,0.0509
7.687,0.0464
7.690,0.0475
7.693,0.0479
7.697,0.0373
7.700,0.0543
7.703,0.0490
7.707,0.0363
7.710,0.0543
7.713,0.0417
7.717,0.0520
7.720,0.0525
7.723,0.0382
7.727,0.0443
7.730,0.0525
7.733,0.0526
7.737,0.0543
7.740,0.0527
7.743,0.0439
7.747,0.0353
7.750,0.0375
7.753,0.0387
7.757,0.0505
7.760,0.0357
7.763,0.0372
7.767,0.0461
7.770,0.0347
7.773,0.0523
7.777,0.0499
7.780,0.0466
7.783,0.0345
7.787,0.0412
7.790,0.0399
7.793,0.0389
7.797,0.0513
7.800,0.0504
7.803,0.0422
7.807,0.0404
7.810,0.0400
7.813,0.0431
7.817,0.0339
7.820,0.0487
7.823,0.0420
7.827,0.0367
7.830,0.0481
7.833,0.0485
7.837,0.0392
7.840,0.0479
7.843,0.0302
7.847,0.0422
7.850,0.0313
7.853,0.0302
7.857,0.0306
7.860,1.2178
7.863,1.2842
7.867,1.2237
7.870,1.0516
7.873,0.8174
7.877,0.5413
7.880,0.2478
7.883,0.0177
7.887,-0.1362
7.890,-0.1926
7.893,-0.1782
7.897,-0.1063
7.900,-0.0441
7.903,0.0069
7.907,0.0327
7.910,0.0352
7.913,0.0406
7.917,0.0359
7.920,0.0410
7.923,0.0433
7.927,0.0366
7.930,0.0288
7.933,0.0384
7.937,0.0430
7.940,0.0399
7.943,0.0407
7.947,0.0391
7.950,0.0388
7.953,0.0405
7.957,0.0272
7.960,0.0342
7.963,0.0296
7.967,0.0367
7.970,0.0379
7.973,0.0240
7.977,0.0260
7.980,0.0270
7.983,0.0223
7.987,0.0216
7.990,0.0381
7.993,0.0292
7.997,0.0314
8.000,0.0277
8.003,0.0302
8.007,0.0282
8.010,0.0298
8.013,0.0246
8.017,0.0400
8.020,0.0275
8.023,0.0428
8.027,0.0400
8.030,0.0420
8.033,0.0494
8.037,0.0485
8.040,0.0585
8.043,0.0677
8.047,0.0714
8.050,0.0814
8.053,0.0892
8.057,0.0989
8.060,0.1133
8.063,0.1362
8.067,0.1539
8.070,0.1736
8.073,0.1861
8.077,0.2000
8.080,0.2198
8.083,0.2347
8.087,0.2401
8.090,0.2581
8.093,0.2688
8.097,0.2993
8.100,0.2970
8.103,0.3121
8.107,0.3238
8.110,0.3123
8.113,0.3270
8.117,0.3249
8.120,0.3171
8.123,0.2995
8.127,0.2889
8.130,0.2879
8.133,0.2714
8.137,0.2541
8.140,0.2350
8.143,0.2286
8.147,0.2048
8.150,0.1931
8.153,0.1841
8.157,0.1516
8.160,0.1417
8.163,0.1317
8.167,0.1183
8.170,0.0885
8.173,0.0807
8.177,0.0804
8.180,0.0687
8.183,0.0629
8.187,0.0484
8.190,0.0338
8.193,0.0410
8.197,0.0324
8.200,0.0191
8.203,0.0285
8.207,0.0211
8.210,0.0246
8.213,0.0166
8.217,0.0200
8.220,0.0146
8.223,0.0188
8.227,0.0082
8.230,0.0104
8.233,0.0049
8.237,0.0003
8.240,0.0120
8.243,0.0002
8.247,0.0051
8.250,0.0129
8.253,0.0023
8.257,0.0067
8.260,0.0096
8.263,0.0009
8.267,0.0004
8.270,0.0119
8.273,0.0156
8.277,0.0061
8.280,0.0041
8.283,0.0121
8.287,0.0009
8.290,0.0015
8.293,-0.0046
8.297,-0.0064
8.300,0.0002
8.303,0.0061
8.307,0.0011
8.310,-0.0052
8.313,0.0050
8.317,0.0088
8.320,-0.0004
8.323,-0.0041
8.327,-0.0058
8.330,-0.0090
8.333,0.0015
8.337,0.0076
8.340,0.0023
8.343,-0.0005
8.347,-0.0090
8.350,-0.0014
8.353,0.0044
8.357,0.0051
8.360,0.0042
8.363,0.0015
8.367,0.0014
8.370,-0.0094
8.373,-0.0112
8.377,-0.0040
8.380,-0.0005
8.383,-0.0025
8.387,-0.0108
8.390,-0.0135
8.393,0.0039
8.397,0.0030
8.400,0.0002
8.403,-0.0054
8.407,-0.0087
8.410,-0.0001
8.413,-0.0033
8.417,-0.0026
8.420,-0.0022
8.423,-0.0166
8.427,-0.0090
8.430,-0.0037
8.433,-0.0047
8.437,-0.0189
8.440,-0.0165
8.443,-0.0071
8.447,-0.0079
8.450,-0.0016
8.453,-0.0052
8.457,-0.0037
8.460,-0.0182
8.463,-0.0026
8.467,-0.0211
8.470,-0.0193
8.473,-0.0173
8.477,-0.0204
8.480,-0.0067
8.483,-0.0102
8.487,-0.0108
8.490,-0.0144
8.493,-0.0222
8.497,-0.0190
8.500,-0.0239
8.503,-0.0250
8.507,-0.0162
8.510,-0.0098
8.513,-0.0104
8.517,-0.0097
8.520,-0.0270
8.523,-0.0216
8.527,-0.0160
8.530,-0.0150
8.533,-0.0125
8.537,-0.0139
8.540,-0.0192
8.543,-0.0163
8.547,-0.0130
8.550,-0.0160
8.553,-0.0141
8.557,-0.0184
8.560,-0.0287
8.563,-0.0244
8.567,-0.0214
8.570,-0.0267
8.573,-0.0146
8.577,-0.0215
8.580,-0.0133
8.583,-0.0210
8.587,-0.0320
8.590,-0.0217
8.593,-0.0167
8.597,-0.0308
8.600,-0.0159
8.603,-0.0296
8.607,-0.0193
8.610,-0.0172
8.613,-0.0197
8.617,-0.0183
8.620,-0.0318
8.623,-0.0263
8.627,-0.0288
8.630,-0.0299
8.633,-0.0221
8.637,-0.0321
8.640,-0.0281
8.643,-0.0361
8.647,-0.0341
8.650,-0.0232
8.653,-0.0219
8.657,-0.0292
8.660,-0.0345
8.663,-0.0224
8.667,-0.0300
8.670,-0.0363
8.673,-0.0246
8.677,-0.0225
8.680,-0.0269
8.683,-0.0225
8.687,-0.0315
8.690,-0.0357
8.693,-0.0230
8.697,-0.0414
8.700,1.1780
8.703,1.0423
8.707,0.8170
8.710,0.5390
8.713,0.2668
8.717,0.0052
8.720,-0.1655
8.723,-0.2651
8.727,-0.2688
8.730,-0.1996
8.733,-0.1176
8.737,-0.0805
8.740,-0.0425
8.743,-0.0298
8.747,-0.0438
8.750,-0.0417
8.753,-0.0413
8.757,-0.0370
8.760,-0.0267
8.763,-0.0420
8.767,-0.0448
8.770,-0.0302
8.773,-0.0282
8.777,-0.0422
8.780,-0.0326
8.783,-0.0388
8.787,-0.0300
8.790,-0.0422
8.793,-0.0443
8.797,-0.0362
8.800,-0.0353
8.803,-0.0376
8.807,-0.0432
8.810,-0.0480
8.813,-0.0433
8.817,-0.0358
8.820,-0.0448
8.823,-0.0387
8.827,-0.0316
8.830,-0.0346
8.833,-0.0297
8.837,-0.0427
8.840,-0.0353
8.843,-0.0315
8.847,-0.0427
8.850,-0.0299
8.853,-0.0381
8.857,-0.0248
8.860,-0.0234
8.863,-0.0155
8.867,-0.0199
8.870,-0.0255
8.873,-0.0004
8.877,0.0031
8.880,0.0043
8.883,0.0143
8.887,0.0298
8.890,0.0408
8.893,0.0421
8.897,0.0577
8.900,0.0753
8.903,0.0949
8.907,0.1044
8.910,0.1199
8.913,0.1334
8.917,0.1594
8.920,0.1685
8.923,0.1950
8.927,0.1979
8.930,0.2268
8.933,0.2290
8.937,0.2453
8.940,0.2549
8.943,0.2431
8.947,0.2581
8.950,0.2466
8.953,0.2595
8.957,0.2459
8.960,0.2352
8.963,0.2203
8.967,0.2210
8.970,0.2001
8.973,0.1792
8.977,0.1692
8.980,0.1460
8.983,0.1352
8.987,0.1076
8.990,0.0908
8.993,0.0868
8.997,0.0750
9.000,0.0609
9.003,0.0473
9.007,0.0329
9.010,0.0208
9.013,0.0025
9.017,-0.0006
9.020,-0.0115
9.023,-0.0096
9.027,-0.0165
9.030,-0.0295
9.033,-0.0399
9.037,-0.0409
9.040,-0.0302
9.043,-0.0351
9.047,-0.0425
9.050,-0.0486
9.053,-0.0486
9.057,-0.0536
9.060,-0.0504
9.063,-0.0522
9.067,-0.0383
9.070,-0.0558
9.073,-0.0487
9.077,-0.0465
9.080,-0.0480
9.083,-0.0557
9.087,-0.0446
9.090,-0.0554
9.093,-0.0545
9.097,-0.0415
9.100,-0.0453
9.103,-0.0451
9.107,-0.0452
9.110,-0.0488
9.113,-0.0468
9.117,-0.0513
9.120,-0.0503
9.123,-0.0421
9.127,-0.0403
9.130,-0.0455
9.133,-0.0597
9.137,-0.0552
9.140,-0.0525
9.143,-0.0471
9.147,-0.0426
9.150,-0.0490
9.153,-0.0505
9.157,-0.0576
9.160,-0.0583
9.163,-0.0595
9.167,-0.0593
9.170,-0.0563
9.173,-0.0458
9.177,-0.0425
9.180,-0.0595
9.183,-0.0541
9.187,-0.0524
9.190,-0.0412
9.193,-0.0595
9.197,-0.0564
9.200,-0.0445
9.203,-0.0495
9.207,-0.0438
9.210,-0.0482
9.213,-0.0505
9.217,-0.0517
9.220,-0.0413
9.223,-0.0412
9.227,-0.0575
9.230,-0.0572
9.233,-0.0562
9.237,-0.0426
9.240,-0.0426
9.243,-0.0534
9.247,-0.0554
9.250,-0.0446
9.253,-0.0526
9.257,-0.0585
9.260,-0.0538
9.263,-0.0556
9.267,-0.0395
9.270,-0.0398
9.273,-0.0469
9.277,-0.0419
9.280,-0.0398
9.283,-0.0505
9.287,-0.0399
9.290,-0.0535
9.293,-0.0457
9.297,-0.0446
9.300,-0.0506
9.303,-0.0417
9.307,-0.0397
9.310,-0.0487
9.313,-0.0557
9.317,-0.0561
9.320,-0.0429
9.323,-0.0526
9.327,-0.0405
9.330,-0.0383
9.333,-0.0429
9.337,-0.0460
9.340,-0.0482
9.343,-0.0462
9.347,-0.0492
9.350,-0.0509
9.353,-0.0376
9.357,-0.0441
9.360,-0.0519
9.363,-0.0535
9.367,-0.0396
9.370,-0.0529
9.373,-0.0420
9.377,-0.0556
9.380,-0.0459
9.383,-0.0447
9.387,-0.0535
9.390,-0.0495
9.393,-0.0379
9.397,-0.0482
9.400,-0.0429
9.403,-0.0523
9.407,-0.0473
9.410,-0.0383
9.413,-0.0413
9.417,-0.0467
9.420,-0.0513
9.423,-0.0440
9.427,-0.0349
9.430,-0.0447
9.433,-0.0506
9.437,-0.0420
9.440,-0.0422
9.443,-0.0500
9.447,-0.0375
9.450,-0.0372
9.453,-0.0373
9.457,-0.0335
9.460,-0.0418
9.463,-0.0331
9.467,-0.0491
9.470,-0.0409
9.473,-0.0507
9.477,-0.0458
9.480,-0.0393
9.483,-0.0423
9.487,-0.0419
9.490,-0.0445
9.493,-0.0397
9.497,-0.0323
9.500,-0.0314
9.503,-0.0481
9.507,-0.0490
9.510,-0.0458
9.513,-0.0434
9.517,-0.0329
9.520,-0.0461
9.523,-0.0400
9.527,-0.0476
9.530,-0.0419
9.533,1.1456
9.537,1.2150
9.540,1.1387
9.543,0.9637
9.547,0.7122
9.550,0.4308
9.553,0.1591
9.557,-0.0598
9.560,-0.2253
9.563,-0.2800
9.567,-0.2398
9.570,-0.1638
9.573,-0.1167
9.577,-0.0698
9.580,-0.0353
9.583,-0.0476
9.587,-0.0423
9.590,-0.0398
9.593,-0.0399
9.597,-0.0285
9.600,-0.0314
9.603,-0.0356
9.607,-0.0247
9.610,-0.0430
9.613,-0.0317
9.617,-0.0287
9.620,-0.0328
9.623,-0.0260
9.627,-0.0314
9.630,-0.0347
9.633,-0.0312
9.637,-0.0336
9.640,-0.0262
9.643,-0.0385
9.647,-0.0391
9.650,-0.0287
9.653,-0.0281
9.657,-0.0248
9.660,-0.0395
9.663,-0.0300
9.667,-0.0323
9.670,-0.0239
9.673,-0.0299
9.677,-0.0194
9.680,-0.0267
9.683,-0.0225
9.687,-0.0193
9.690,-0.0297
9.693,-0.0156
9.697,-0.0162
9.700,-0.0123
9.703,-0.0077
9.707,0.0067
9.710,0.0078
9.713,0.0186
9.717,0.0187
9.720,0.0243
9.723,0.0365
9.727,0.0434
9.730,0.0589
9.733,0.0811
9.737,0.0831
9.740,0.0929
9.743,0.1137
9.747,0.1304
9.750,0.1470
9.753,0.1730
9.757,0.1848
9.760,0.2144
9.763,0.2171
9.767,0.2353
9.770,0.2415
9.773,0.2626
9.777,0.2761
9.780,0.2838
9.783,0.2721
9.787,0.2751
9.790,0.2811
9.793,0.2756
9.797,0.2705
9.800,0.2527
9.803,0.2432
9.807,0.2433
9.810,0.2322
9.813,0.2022
9.817,0.1966
9.820,0.1729
9.823,0.1658
9.827,0.1416
9.830,0.1234
9.833,0.1153
9.837,0.0902
9.840,0.0805
9.843,0.0641
9.847,0.0622
9.850,0.0383
9.853,0.0358
9.857,0.0260
9.860,0.0220
9.863,0.0162
9.867,0.0104
9.870,-0.0024
9.873,0.0046
9.877,0.0001
9.880,-0.0055
9.883,-0.0034
9.887,0.0032
9.890,0.0002
9.893,-0.0006
9.897,0.0006
9.900,-0.0128
9.903,-0.0060
9.907,-0.0179
9.910,0.0008
9.913,-0.0069
9.917,-0.0013
9.920,-0.0041
9.923,-0.0098
9.927,-0.0076
9.930,-0.0123
9.933,0.0032
9.937,0.0002
9.940,0.0007
9.943,-0.0046
9.947,-0.0034
9.950,0.0030
9.953,-0.0090
9.957,-0.0021
9.960,-0.0074
9.963,-0.0086
9.967,-0.0035
9.970,0.0060
9.973,0.0049
9.977,0.0077
9.980,-0.0036
9.983,0.0003
9.987,-0.0055
9.990,-0.0028
9.993,-0.0104
9.997,0.0039